Product Name,Salt Composition,Product Code / SKU,Barcode,Category,Brand,HSN Code,GST %,Purchase Price,Selling Price,MRP,Current Stock,Unit Type,Batch Number,Expiry Date,Manufacturer,Minimum Stock Alert,Product Status,Schedule Type,Generic Name,Therapeutic Class,Supplier / Vendor,Manufacturing Date,Pack Size,Discount %,Rack / Shelf Location,Prescription Required,Dosage Form,Strength,Storage Condition,Medicine Image URL,Notes / Remarks
Paracetamol 500mg Tablet,Paracetamol 500 mg,PARA-500,8901001002001,Analgesic & Antipyretic,Generic Pharma,30049099,12,18.00,24.00,30.00,500,strip,PARA-B250801,2027-08-31,Micro Labs Ltd,50,ACTIVE,H,Paracetamol,Analgesic,MedSupply Distributors Pvt Ltd,2025-08-01,10 tablets x 10 strips,0,A-01-R1,No,Tablet,500 mg,Below 30 C dry place,,Fast-moving OTC analgesic
Amoxicillin 500mg Capsule,Amoxicillin 500 mg,AMX-500,8901001002002,Antibiotic,Generic Pharma,30041090,12,42.00,52.00,65.00,120,strip,AMX-B250915,2026-10-31,Sun Pharma,20,ACTIVE,H1,Amoxicillin,Antibiotic,MedSupply Distributors Pvt Ltd,2025-09-15,10 capsules x 10 strips,0,B-02-R2,Yes,Capsule,500 mg,Below 25 C,,Schedule H1 - prescription required
Cetirizine 10mg Tablet,Cetirizine 10 mg,CET-10,8901001002003,Antihistamine,Generic Pharma,30049099,12,14.00,18.00,22.00,300,strip,CET-B251001,2027-05-31,Cipla Ltd,30,ACTIVE,H,Cetirizine,Antihistamine,MedSupply Distributors Pvt Ltd,2025-10-01,10 tablets x 10 strips,0,A-02-R1,No,Tablet,10 mg,Room temperature,,Anti-allergy OTC
Azithromycin 500mg Tablet,Azithromycin 500 mg,AZI-500,8901001002004,Antibiotic,Generic Pharma,30042019,12,85.00,98.00,120.00,80,strip,AZI-B250820,2026-12-31,Dr Reddy's,15,ACTIVE,H1,Azithromycin,Antibiotic,MedSupply Distributors Pvt Ltd,2025-08-20,3 tablets x 10 strips,0,B-03-R2,Yes,Tablet,500 mg,Below 25 C,,3-day antibiotic course pack
Omeprazole 20mg Capsule,Omeprazole 20 mg,OME-20,8901001002005,Gastrointestinal,Generic Pharma,30049099,12,32.00,40.00,48.00,200,capsule,OME-B251010,2027-02-28,Torrent Pharma,25,ACTIVE,H,Omeprazole,Proton pump inhibitor,MedSupply Distributors Pvt Ltd,2025-10-10,15 capsules x 10 strips,0,A-03-R1,No,Capsule,20 mg,Below 30 C,,Acid reflux / GERD
Metformin 500mg Tablet,Metformin Hydrochloride 500 mg,MET-500,8901001002006,Antidiabetic,Generic Pharma,30049099,5,22.00,28.00,35.00,400,strip,MET-B250701,2027-06-30,USV Ltd,40,ACTIVE,H,Metformin,Antidiabetic,MedSupply Distributors Pvt Ltd,2025-07-01,20 tablets x 10 strips,0,C-01-R3,Yes,Tablet,500 mg,Below 30 C,,Diabetes management - prescription advised
Cough Syrup (Dextromethorphan),Dextromethorphan HBr 10 mg/5 ml,DMR-SYP,8901001002007,Cough & Cold,HealthCare Syrups,30049099,12,55.00,68.00,85.00,60,bottle,DMR-B250901,2026-11-30,Abbott India,10,ACTIVE,H,Dextromethorphan,Antitussive,MedSupply Distributors Pvt Ltd,2025-09-01,100 ml bottle,5,D-01-R1,No,Syrup,10 mg/5 ml,Below 25 C protect from light,,Shake well before use
Insulin Injection (Regular),Human Insulin Soluble 40 IU/ml,INS-40,8901001002008,Antidiabetic,NovoCare,30043100,5,420.00,485.00,550.00,25,vial,INS-B250601,2026-05-31,Novo Nordisk,5,ACTIVE,H,Insulin,Antidiabetic,Cold Chain Pharma Ltd,2025-06-01,10 ml vial,0,FRIDGE-F1,Yes,Injection,40 IU/ml,2-8 C refrigerated,,Store in refrigerator - do not freeze
Betadine Ointment 20g,Povidone Iodine 5% w/w,BET-20G,8901001002009,Antiseptic,Win-Med,30049099,12,38.00,48.00,58.00,90,tube,BET-B251015,2027-01-31,Win-Medicare,15,ACTIVE,OTC,Povidone-Iodine,Antiseptic,MedSupply Distributors Pvt Ltd,2025-10-15,20 g tube,0,E-01-R2,No,Ointment,5%,Below 30 C,,Topical antiseptic
Ciprofloxacin Eye Drops 0.3%,Ciprofloxacin 0.3% w/v,CIP-EYE,8901001002010,Ophthalmic,EyeCare Pharma,30049099,12,48.00,58.00,72.00,40,bottle,CIP-B250801,2026-08-31,Alcon India,8,ACTIVE,H,Ciprofloxacin,Ophthalmic antibiotic,MedSupply Distributors Pvt Ltd,2025-08-01,5 ml dropper bottle,0,E-02-R3,Yes,Drops,0.3%,Below 25 C,,For external ophthalmic use only
ORS Powder Sachet,Oral Rehydration Salts IP,ORS-1,8901001002011,General / ORS,Generic Pharma,30049099,5,8.00,12.00,15.00,600,pcs,ORS-B251101,2028-12-31,FDC Ltd,100,ACTIVE,OTC,ORS,Rehydration,MedSupply Distributors Pvt Ltd,2025-11-01,21.8 g sachet,0,A-04-R1,No,Powder,21.8 g,Below 30 C dry place,,Dissolve in boiled cooled water
Surgical Gloves (Latex) Pair,,GLV-M,8901001002012,Surgical Consumable,SafeHands,40151900,12,12.00,18.00,22.00,200,pair,GLV-B250501,2028-06-30,SafeHands Medical,30,ACTIVE,OTC,Latex examination gloves,Surgical consumable,Hospital Supplies Co,2025-05-01,1 pair (size M),0,F-01-R1,No,Pair,Size M,Below 30 C,,Non-sterile examination gloves
Disposable Syringe 5ml,,SYR-5ML,8901001002013,Surgical Consumable,SafeHands,90183100,12,6.00,9.00,12.00,500,pcs,SYR-B250401,2029-03-31,SafeHands Medical,50,ACTIVE,OTC,Disposable syringe,Surgical consumable,Hospital Supplies Co,2025-04-01,5 ml Luer slip,0,F-02-R1,No,Syringe,5 ml,Below 30 C,,Single use only
Vitamin D3 60k Capsule,Cholecalciferol 60000 IU,VIT-D3,8901001002014,Vitamins & Supplements,WellnessNutri,30045039,12,28.00,35.00,45.00,150,capsule,VIT-B250901,2027-09-30,Emcure Pharma,20,ACTIVE,OTC,Cholecalciferol,Vitamin supplement,MedSupply Distributors Pvt Ltd,2025-09-01,4 capsules x 10 strips,10,C-02-R2,No,Capsule,60000 IU,Below 30 C,,Weekly dose supplement
Atorvastatin 10mg Tablet,Atorvastatin 10 mg,ATO-10,8901001002015,Cardiovascular,Generic Pharma,30049099,12,38.00,48.00,60.00,180,strip,ATO-B250810,2027-04-30,Lupin Ltd,25,ACTIVE,H,Atorvastatin,Statin,MedSupply Distributors Pvt Ltd,2025-08-10,10 tablets x 10 strips,0,B-04-R2,Yes,Tablet,10 mg,Below 30 C,,Cholesterol management
